2026-02-15T13:13:00.916Z,R_10,EO,0.63,LOSS,-0.63,1,0.63,179.28
2026-02-15T13:13:18.734Z,R_75,OU,1.89,LOSS,-1.89,2,2.52,177.39
2026-02-15T13:14:42.806Z,R_75,OU,7.56,WIN,3.06,0,0.00,180.45
2026-02-15T13:14:54.809Z,R_10,EO,0.63,LOSS,-0.63,1,0.63,179.82
2026-02-15T13:16:26.847Z,R_50,OU,1.89,WIN,0.76,0,0.00,180.58
2026-02-15T13:16:38.829Z,R_10,EO,0.63,WIN,0.59,0,0.00,181.17
2026-02-15T13:16:54.863Z,R_10,EO,0.63,LOSS,-0.63,1,0.63,180.54
2026-02-15T13:18:26.737Z,R_50,OU,1.90,WIN,0.77,0,0.00,181.31
2026-02-15T13:18:38.770Z,R_10,EO,0.63,LOSS,-0.63,1,0.63,180.68
2026-02-15T13:24:36.846Z,R_50,OU,1.90,WIN,0.77,0,0.00,181.45
2026-02-15T13:24:48.927Z,R_10,EO,0.64,LOSS,-0.64,1,0.64,180.81
2026-02-15T13:26:14.844Z,R_75,OU,1.91,WIN,0.77,0,0.00,181.58
2026-02-15T13:26:26.854Z,R_10,EO,0.64,LOSS,-0.64,1,0.64,180.94
2026-02-15T13:28:14.739Z,R_50,OU,1.91,LOSS,-1.91,2,2.54,179.03
2026-02-15T14:14:06.905Z,R_10,EO,0.63,WIN,0.59,0,0.00,179.62
2026-02-15T14:14:22.866Z,R_10,EO,0.63,WIN,0.59,0,0.00,180.21
2026-02-15T14:14:38.815Z,R_10,EO,0.63,LOSS,-0.63,1,0.63,179.58
2026-02-15T14:18:00.731Z,R_75,OU,1.89,WIN,0.76,0,0.00,180.34
2026-02-15T14:18:12.763Z,R_10,EO,0.63,WIN,0.59,0,0.00,180.93
2026-02-15T14:18:28.954Z,R_10,EO,0.63,LOSS,-0.63,1,0.63,180.30
2026-02-15T14:18:40.801Z,R_75,OU,1.90,WIN,0.77,0,0.00,181.07
2026-02-15T14:18:52.802Z,R_10,EO,0.63,WIN,0.59,0,0.00,181.66
2026-02-15T14:19:08.784Z,R_10,EO,0.64,LOSS,-0.64,1,0.64,181.02
2026-02-15T14:19:26.799Z,R_75,OU,1.91,WIN,0.77,0,0.00,181.79
2026-02-15T14:19:38.872Z,R_10,EO,0.64,LOSS,-0.64,1,0.64,181.15
2026-02-15T14:19:58.751Z,R_50,OU,1.91,WIN,0.77,0,0.00,181.92
2026-02-15T14:20:10.921Z,R_10,EO,0.64,LOSS,-0.64,1,0.64,181.28
2026-02-15T14:21:08.770Z,R_75,OU,1.91,WIN,0.77,0,0.00,182.05
2026-02-15T14:21:20.779Z,R_10,EO,0.64,WIN,0.60,0,0.00,182.65
2026-02-15T14:21:36.778Z,R_10,EO,0.64,LOSS,-0.64,1,0.64,182.01
2026-02-15T14:21:48.833Z,R_50,OU,1.92,WIN,0.78,0,0.00,182.79
2026-02-15T14:22:00.930Z,R_10,EO,0.64,WIN,0.60,0,0.00,183.39
2026-02-15T14:22:16.891Z,R_10,EO,0.64,LOSS,-0.64,1,0.64,182.75
2026-02-15T14:23:02.768Z,R_75,OU,1.93,LOSS,-1.93,2,2.57,180.82
2026-02-15T14:26:16.784Z,R_50,OU,7.70,WIN,3.11,0,0.00,183.93
2026-02-15T14:26:28.853Z,R_10,EO,0.64,WIN,0.60,0,0.00,184.53
2026-02-15T14:26:44.848Z,R_10,EO,0.65,WIN,0.61,0,0.00,185.14
2026-02-15T14:27:00.777Z,R_10,EO,0.65,LOSS,-0.65,1,0.65,184.49
2026-02-15T14:27:18.745Z,R_75,OU,1.94,LOSS,-1.94,2,2.59,182.55
2026-02-15T14:29:32.819Z,R_50,OU,7.78,WIN,3.15,0,0.00,185.70
2026-02-15T14:29:44.861Z,R_10,EO,0.65,WIN,0.61,0,0.00,186.31
2026-02-15T14:30:00.980Z,R_10,EO,0.65,LOSS,-0.65,1,0.65,185.66
2026-02-15T14:31:40.726Z,R_75,OU,1.96,WIN,0.79,0,0.00,186.45
2026-02-15T14:31:52.785Z,R_10,EO,0.65,WIN,0.61,0,0.00,187.06
2026-02-15T14:32:08.812Z,R_10,EO,0.65,LOSS,-0.65,1,0.65,186.41
2026-02-15T14:33:42.748Z,R_75,OU,1.96,WIN,0.79,0,0.00,187.20
2026-02-15T14:33:54.819Z,R_10,EO,0.66,WIN,0.62,0,0.00,187.82
2026-02-15T14:34:12.814Z,R_10,EO,0.66,WIN,0.62,0,0.00,188.44
2026-02-16T04:21:34.916Z,R_10,EO,0.35,LOSS,-0.35,1,0.35,99.65
2026-02-16T04:22:44.698Z,R_75,OU,1.05,WIN,0.42,0,0.00,100.07
2026-02-16T04:22:56.984Z,R_10,EO,0.35,WIN,0.31,0,0.00,100.38
2026-02-16T04:23:10.955Z,R_10,EO,0.35,LOSS,-0.35,1,0.35,100.03
2026-02-16T04:23:38.776Z,R_50,OU,1.05,WIN,0.42,0,0.00,100.45
2026-02-16T04:23:48.767Z,R_10,EO,0.35,LOSS,-0.35,1,0.35,100.10
2026-02-16T04:25:34.682Z,R_75,OU,1.05,LOSS,-1.05,2,1.41,99.05
2026-02-16T04:37:46.857Z,R_10,EO,0.35,LOSS,-0.35,1,0.35,98.70
2026-02-16T04:38:20.667Z,R_75,OU,1.04,WIN,0.42,0,0.00,99.12
2026-02-16T04:38:32.727Z,R_10,EO,0.35,WIN,0.31,0,0.00,99.43
2026-02-16T04:38:48.781Z,R_10,EO,0.35,LOSS,-0.35,1,0.35,99.08
2026-02-16T04:42:16.767Z,R_75,OU,1.04,LOSS,-1.04,2,1.39,98.04
2026-02-16T05:27:06.844Z,R_10,EO,0.35,WIN,0.31,0,0.00,98.35
2026-02-16T05:27:22.957Z,R_10,EO,0.35,LOSS,-0.35,1,0.35,98.00
2026-02-16T05:28:18.880Z,R_75,OU,1.05,WIN,0.42,0,0.00,98.42
2026-02-16T05:28:30.896Z,R_10,EO,0.35,LOSS,-0.35,1,0.35,98.07
2026-02-16T05:29:36.911Z,R_75,OU,1.05,LOSS,-1.05,2,1.40,97.02
2026-02-16T05:32:22.708Z,R_75,OU,4.20,LOSS,-4.20,3,5.60,92.82
2026-02-16T05:41:07.008Z,R_75,OU,16.80,WIN,6.80,0,0.00,99.62
2026-02-16T05:41:18.756Z,R_10,EO,0.35,LOSS,-0.35,1,0.35,99.27
2026-02-16T05:42:36.788Z,R_75,OU,1.05,WIN,0.42,0,0.00,99.69
2026-02-16T05:42:49.087Z,R_10,EO,0.35,LOSS,-0.35,1,0.35,99.34
2026-02-16T05:43:14.740Z,R_75,OU,1.05,WIN,0.42,0,0.00,99.76
2026-02-16T05:43:26.758Z,R_10,EO,0.35,WIN,0.31,0,0.00,100.07
2026-02-16T05:43:42.888Z,R_10,EO,0.35,LOSS,-0.35,1,0.35,99.72
2026-02-16T05:44:16.635Z,R_50,OU,1.05,WIN,0.42,0,0.00,100.14
2026-02-16T05:44:28.858Z,R_10,EO,0.35,LOSS,-0.35,1,0.35,99.79
2026-02-16T05:45:58.669Z,R_75,OU,1.05,WIN,0.42,0,0.00,100.21
2026-02-16T05:46:10.977Z,R_10,EO,0.35,WIN,0.31,0,0.00,100.52
2026-02-16T05:46:26.785Z,R_10,EO,0.35,LOSS,-0.35,1,0.35,100.17
2026-02-16T05:48:02.770Z,R_50,OU,1.06,WIN,0.43,0,0.00,100.60
2026-02-16T05:48:15.035Z,R_10,EO,0.35,LOSS,-0.35,1,0.35,100.25
2026-02-16T05:49:52.712Z,R_50,OU,1.06,WIN,0.43,0,0.00,100.68
2026-02-16T05:50:04.999Z,R_10,EO,0.35,WIN,0.31,0,0.00,100.99
2026-02-16T05:50:22.819Z,R_10,EO,0.35,LOSS,-0.35,1,0.35,100.64
2026-02-16T05:51:38.739Z,R_50,OU,1.06,LOSS,-1.06,2,1.41,99.58
2026-02-16T05:54:02.769Z,R_50,OU,4.24,LOSS,-4.24,3,5.66,95.34
2026-02-16T06:02:20.761Z,R_50,OU,16.97,LOSS,-16.97,4,22.62,78.37
2026-02-16T06:28:06.812Z,R_10,EO,0.35,LOSS,-0.35,1,0.35,99.65
2026-02-16T06:28:58.612Z,R_75,OU,1.05,WIN,0.42,0,0.00,100.07
2026-02-16T06:29:11.081Z,R_10,EO,0.35,LOSS,-0.35,1,0.35,99.72
2026-02-16T06:31:14.702Z,R_75,OU,1.05,WIN,0.42,0,0.00,100.14
2026-02-16T06:31:26.897Z,R_10,EO,0.35,LOSS,-0.35,1,0.35,99.79
2026-02-16T06:31:40.694Z,R_50,OU,1.05,WIN,0.42,0,0.00,100.21
2026-02-16T06:31:52.976Z,R_10,EO,0.35,LOSS,-0.35,1,0.35,99.86
2026-02-16T06:32:26.698Z,R_75,OU,1.05,WIN,0.42,0,0.00,100.28
2026-02-16T06:32:38.916Z,R_10,EO,0.35,LOSS,-0.35,1,0.35,99.93
2026-02-16T06:34:08.657Z,R_75,OU,1.05,WIN,0.42,0,0.00,100.35
2026-02-16T06:34:20.867Z,R_10,EO,0.35,WIN,0.31,0,0.00,100.66
2026-02-16T06:34:36.843Z,R_10,EO,0.35,WIN,0.31,0,0.00,100.97
2026-02-16T06:34:52.746Z,R_10,EO,0.35,LOSS,-0.35,1,0.35,100.62
2026-02-16T06:36:20.734Z,R_75,OU,1.06,WIN,0.43,0,0.00,101.05
2026-02-16T06:36:32.823Z,R_10,EO,0.35,WIN,0.31,0,0.00,101.36
2026-02-16T06:36:48.909Z,R_10,EO,0.35,WIN,0.31,0,0.00,101.67
2026-02-16T06:37:06.802Z,R_10,EO,0.36,WIN,0.32,0,0.00,101.99
2026-02-16T06:37:22.979Z,R_10,EO,0.36,LOSS,-0.36,1,0.36,101.63
2026-02-16T06:37:54.860Z,R_75,OU,1.07,LOSS,-1.07,2,1.43,100.56
2026-02-16T06:40:40.717Z,R_75,OU,4.28,WIN,1.73,0,0.00,102.29
2026-02-16T06:40:52.933Z,R_10,EO,0.36,LOSS,-0.36,1,0.36,101.93
2026-02-16T06:41:35.029Z,R_50,OU,1.07,WIN,0.43,0,0.00,102.36
2026-02-16T06:41:46.836Z,R_10,EO,0.36,WIN,0.32,0,0.00,102.68
2026-02-16T06:42:02.940Z,R_10,EO,0.36,LOSS,-0.36,1,0.36,102.32
2026-02-16T06:43:00.662Z,R_50,OU,1.08,LOSS,-1.08,2,1.44,101.24
2026-02-16T06:47:04.722Z,R_75,OU,4.31,WIN,1.74,0,0.00,102.98
2026-02-16T06:47:14.749Z,R_10,EO,0.36,LOSS,-0.36,1,0.36,102.62
2026-02-16T06:49:06.733Z,R_50,OU,1.08,WIN,0.43,0,0.00,103.05
2026-02-16T06:49:16.859Z,R_10,EO,0.36,WIN,0.32,0,0.00,103.37
2026-02-16T06:49:32.827Z,R_10,EO,0.36,LOSS,-0.36,1,0.36,103.01
2026-02-16T06:50:20.636Z,R_50,OU,1.09,WIN,0.44,0,0.00,103.45
2026-02-16T06:50:32.740Z,R_10,EO,0.36,WIN,0.32,0,0.00,103.77
2026-02-16T06:50:48.829Z,R_10,EO,0.36,LOSS,-0.36,1,0.36,103.41
2026-02-16T06:53:36.660Z,R_50,OU,1.09,WIN,0.44,0,0.00,103.85
2026-02-16T06:53:46.815Z,R_10,EO,0.36,WIN,0.32,0,0.00,104.17
2026-02-16T06:54:04.798Z,R_10,EO,0.36,LOSS,-0.36,1,0.36,103.81
2026-02-16T06:56:06.741Z,R_50,OU,1.09,WIN,0.44,0,0.00,104.25
2026-02-16T06:56:17.074Z,R_10,EO,0.36,WIN,0.32,0,0.00,104.57
2026-02-16T06:56:34.949Z,R_10,EO,0.37,WIN,0.33,0,0.00,104.90
2026-02-16T06:56:52.927Z,R_10,EO,0.37,LOSS,-0.37,1,0.37,104.53
2026-02-16T06:57:40.660Z,R_50,OU,1.10,WIN,0.44,0,0.00,104.97
2026-02-16T06:57:50.717Z,R_10,EO,0.37,WIN,0.33,0,0.00,105.30
2026-02-16T10:06:42.880Z,R_10,EO,0.37,WIN,0.33,0,0.00,105.63
2026-02-16T10:06:58.926Z,R_10,EO,0.37,LOSS,-0.37,1,0.37,105.26
2026-02-16T10:07:42.902Z,R_75,OU,1.11,WIN,0.45,0,0.00,105.71
2026-02-16T10:07:53.040Z,R_10,EO,0.37,WIN,0.33,0,0.00,106.04
2026-02-16T10:08:09.203Z,R_10,EO,0.37,LOSS,-0.37,1,0.37,105.67
2026-02-16T10:08:28.935Z,R_75,OU,1.11,LOSS,-1.11,2,1.48,104.56
2026-02-16T10:12:21.034Z,R_50,OU,4.45,WIN,1.80,0,0.00,106.36
2026-02-16T10:12:32.954Z,R_10,EO,0.37,LOSS,-0.37,1,0.37,105.99
2026-02-16T10:13:30.857Z,R_75,OU,1.12,LOSS,-1.12,2,1.49,104.87
2026-02-16T10:17:38.946Z,R_50,OU,4.47,WIN,1.81,0,0.00,106.68
2026-02-16T10:17:48.879Z,R_10,EO,0.37,LOSS,-0.37,1,0.37,106.31
2026-02-16T10:18:26.981Z,R_75,OU,1.12,LOSS,-1.12,2,1.49,105.19
2026-02-16T10:22:46.931Z,R_75,OU,4.48,WIN,1.81,0,0.00,107.00
2026-02-16T10:22:56.933Z,R_10,EO,0.37,WIN,0.33,0,0.00,107.33
2026-02-16T10:23:14.894Z,R_10,EO,0.38,LOSS,-0.38,1,0.38,106.95
2026-02-16T10:24:03.039Z,R_50,OU,1.13,LOSS,-1.13,2,1.50,105.82
2026-02-16T10:26:46.931Z,R_75,OU,4.51,WIN,1.82,0,0.00,107.64
2026-02-16T10:26:59.002Z,R_10,EO,0.38,WIN,0.34,0,0.00,107.98
2026-02-16T10:27:15.007Z,R_10,EO,0.38,WIN,0.34,0,0.00,108.32
2026-02-16T10:27:30.790Z,R_10,EO,0.38,LOSS,-0.38,1,0.38,107.94
2026-02-16T10:29:09.030Z,R_75,OU,1.14,WIN,0.46,0,0.00,108.40
2026-02-16T10:29:20.910Z,R_10,EO,0.38,WIN,0.34,0,0.00,108.74
2026-02-16T10:29:37.062Z,R_10,EO,0.38,LOSS,-0.38,1,0.38,108.36
2026-02-16T10:29:52.904Z,R_50,OU,1.14,WIN,0.46,0,0.00,108.82
2026-02-16T10:30:03.085Z,R_10,EO,0.38,WIN,0.34,0,0.00,109.16
2026-02-16T10:30:20.926Z,R_10,EO,0.38,WIN,0.34,0,0.00,109.50
2026-02-16T10:30:37.008Z,R_10,EO,0.38,LOSS,-0.38,1,0.38,109.12
2026-02-16T10:30:57.039Z,R_75,OU,1.15,WIN,0.46,0,0.00,109.58
2026-02-16T10:31:08.892Z,R_10,EO,0.38,WIN,0.34,0,0.00,109.92
2026-02-16T10:31:25.027Z,R_10,EO,0.38,LOSS,-0.38,1,0.38,109.54
2026-02-16T10:31:42.851Z,R_50,OU,1.15,WIN,0.46,0,0.00,110.00
2026-02-16T10:31:52.789Z,R_10,EO,0.39,WIN,0.35,0,0.00,110.35
2026-02-16T10:32:09.024Z,R_10,EO,0.39,WIN,0.35,0,0.00,110.70
2026-02-16T10:32:26.936Z,R_10,EO,0.39,LOSS,-0.39,1,0.39,110.31
2026-02-16T10:32:53.095Z,R_50,OU,1.16,WIN,0.47,0,0.00,110.78
2026-02-16T10:33:02.885Z,R_10,EO,0.39,WIN,0.35,0,0.00,111.13
2026-02-16T10:33:18.801Z,R_10,EO,0.39,LOSS,-0.39,1,0.39,110.74
2026-02-16T10:34:36.933Z,R_50,OU,1.17,LOSS,-1.17,2,1.56,109.57
2026-02-16T10:36:58.855Z,R_50,OU,4.67,WIN,1.89,0,0.00,111.46
2026-02-16T10:37:08.824Z,R_10,EO,0.39,WIN,0.35,0,0.00,111.81
2026-02-16T10:37:25.069Z,R_10,EO,0.39,LOSS,-0.39,1,0.39,111.42
2026-02-16T10:41:24.804Z,R_50,OU,1.17,WIN,0.47,0,0.00,111.89
2026-02-16T10:41:36.876Z,R_10,EO,0.39,WIN,0.35,0,0.00,112.24
2026-02-16T10:41:50.894Z,R_10,EO,0.39,WIN,0.35,0,0.00,112.59
2026-02-16T10:42:06.848Z,R_10,EO,0.39,LOSS,-0.39,1,0.39,112.20
2026-02-16T10:42:20.886Z,R_50,OU,1.18,WIN,0.48,0,0.00,112.68
2026-02-16T10:42:30.805Z,R_10,EO,0.39,WIN,0.35,0,0.00,113.03
2026-02-16T10:42:44.801Z,R_10,EO,0.40,WIN,0.36,0,0.00,113.39
2026-02-16T10:42:58.861Z,R_10,EO,0.40,LOSS,-0.40,1,0.40,112.99
2026-02-16T10:45:06.807Z,R_75,OU,1.19,WIN,0.48,0,0.00,113.47
2026-02-16T10:45:18.996Z,R_10,EO,0.40,LOSS,-0.40,1,0.40,113.07
2026-02-16T10:45:35.075Z,R_75,OU,1.19,WIN,0.48,0,0.00,113.55
2026-02-16T10:45:46.986Z,R_10,EO,0.40,WIN,0.36,0,0.00,113.91
2026-02-16T10:46:02.986Z,R_10,EO,0.40,LOSS,-0.40,1,0.40,113.51
2026-02-16T10:46:14.799Z,R_75,OU,1.20,WIN,0.49,0,0.00,114.00
2026-02-16T10:46:26.992Z,R_10,EO,0.40,LOSS,-0.40,1,0.40,113.60
2026-02-16T10:48:07.038Z,R_50,OU,1.20,LOSS,-1.20,2,1.60,112.40
2026-02-16T10:50:02.853Z,R_50,OU,4.79,WIN,1.94,0,0.00,114.34
2026-02-16T10:50:14.939Z,R_10,EO,0.40,LOSS,-0.40,1,0.40,113.94
2026-02-16T10:51:56.879Z,R_75,OU,1.20,LOSS,-1.20,2,1.60,112.74
2026-02-16T10:56:14.974Z,R_50,OU,4.80,WIN,1.94,0,0.00,114.68
2026-02-16T10:56:26.873Z,R_10,EO,0.40,WIN,0.36,0,0.00,115.04
2026-02-16T10:56:42.954Z,R_10,EO,0.40,WIN,0.36,0,0.00,115.40
2026-02-16T10:56:59.009Z,R_10,EO,0.40,LOSS,-0.40,1,0.40,115.00
2026-02-16T11:00:50.936Z,R_50,OU,1.21,WIN,0.49,0,0.00,115.49
2026-02-16T11:01:02.981Z,R_10,EO,0.40,WIN,0.36,0,0.00,115.85
2026-02-16T11:04:25.200Z,R_10,EO,0.41,LOSS,-0.41,1,0.41,115.44
2026-02-16T11:05:55.483Z,R_50,OU,1.22,WIN,0.49,0,0.00,115.93
2026-02-16T11:06:06.808Z,R_10,EO,0.41,WIN,0.37,0,0.00,116.30
2026-02-16T11:06:23.095Z,R_10,EO,0.41,LOSS,-0.41,1,0.41,115.89
2026-02-16T11:06:48.871Z,R_50,OU,1.22,WIN,0.49,0,0.00,116.38
2026-02-16T11:07:01.159Z,R_10,EO,0.41,WIN,0.37,0,0.00,116.75
2026-02-16T11:07:18.926Z,R_10,EO,0.41,LOSS,-0.41,1,0.41,116.34
2026-02-16T11:08:27.072Z,R_75,OU,1.23,WIN,0.50,0,0.00,116.84
2026-02-16T11:08:38.999Z,R_10,EO,0.41,WIN,0.37,0,0.00,117.21
2026-02-16T11:08:56.871Z,R_10,EO,0.41,WIN,0.37,0,0.00,117.58
2026-02-16T11:09:12.937Z,R_10,EO,0.41,WIN,0.37,0,0.00,117.95
2026-02-16T11:09:31.072Z,R_10,EO,0.41,LOSS,-0.41,1,0.41,117.54
2026-02-16T11:09:49.020Z,R_50,OU,1.24,LOSS,-1.24,2,1.65,116.30
2026-02-16T11:11:58.979Z,R_50,OU,4.95,WIN,2.00,0,0.00,118.30
2026-02-16T11:12:08.786Z,R_10,EO,0.41,WIN,0.37,0,0.00,118.67
2026-02-16T11:12:22.903Z,R_10,EO,0.42,LOSS,-0.42,1,0.42,118.25
2026-02-16T11:13:32.947Z,R_50,OU,1.25,LOSS,-1.25,2,1.66,117.00
2026-02-16T11:18:29.312Z,R_50,OU,4.98,WIN,2.01,0,0.00,119.01
2026-02-16T11:18:40.932Z,R_10,EO,0.42,WIN,0.38,0,0.00,119.39
2026-02-16T11:18:54.800Z,R_10,EO,0.42,LOSS,-0.42,1,0.42,118.97
2026-02-16T11:19:42.974Z,R_75,OU,1.25,WIN,0.51,0,0.00,119.48
2026-02-16T11:19:54.900Z,R_10,EO,0.42,WIN,0.38,0,0.00,119.86
2026-02-16T11:20:10.904Z,R_10,EO,0.42,LOSS,-0.42,1,0.42,119.44
2026-02-16T11:20:39.067Z,R_75,OU,1.26,WIN,0.51,0,0.00,119.95
2026-02-16T11:20:48.889Z,R_10,EO,0.42,WIN,0.38,0,0.00,120.33
2026-02-16T11:21:05.018Z,R_10,EO,0.42,LOSS,-0.42,1,0.42,119.91
2026-02-16T11:23:00.935Z,R_75,OU,1.26,LOSS,-1.26,2,1.68,118.65
2026-02-16T11:25:52.779Z,R_75,OU,5.05,WIN,2.04,0,0.00,120.69
2026-02-16T11:26:02.814Z,R_10,EO,0.42,WIN,0.38,0,0.00,121.07
2026-02-16T11:26:18.948Z,R_10,EO,0.42,WIN,0.38,0,0.00,121.45
2026-02-16T11:26:32.795Z,R_10,EO,0.43,WIN,0.39,0,0.00,121.84
2026-02-16T11:26:49.134Z,R_10,EO,0.43,LOSS,-0.43,1,0.43,121.41
2026-02-16T11:28:48.801Z,R_75,OU,1.28,WIN,0.52,0,0.00,121.93
2026-02-16T11:29:01.017Z,R_10,EO,0.43,LOSS,-0.43,1,0.43,121.50
2026-02-16T11:29:44.898Z,R_75,OU,1.28,WIN,0.52,0,0.00,122.02
2026-02-16T11:29:56.813Z,R_10,EO,0.43,WIN,0.39,0,0.00,122.41
2026-02-16T11:30:17.016Z,R_10,EO,0.43,WIN,0.39,0,0.00,122.80
2026-02-16T11:30:34.954Z,R_10,EO,0.43,WIN,0.39,0,0.00,123.19
2026-02-16T11:30:53.036Z,R_10,EO,0.43,LOSS,-0.43,1,0.43,122.76
2026-02-16T11:32:01.060Z,R_50,OU,1.29,WIN,0.52,0,0.00,123.28
2026-02-16T11:32:10.920Z,R_10,EO,0.43,WIN,0.39,0,0.00,123.67
2026-02-16T11:32:28.886Z,R_10,EO,0.43,WIN,0.39,0,0.00,124.06
2026-02-16T11:32:42.928Z,R_10,EO,0.43,WIN,0.39,0,0.00,124.45
2026-02-16T11:33:04.885Z,R_10,EO,0.44,WIN,0.40,0,0.00,124.85
2026-02-16T11:33:22.937Z,R_10,EO,0.44,WIN,0.40,0,0.00,125.25
2026-02-16T11:33:40.932Z,R_10,EO,0.44,LOSS,-0.44,1,0.44,124.81
2026-02-16T11:34:22.809Z,R_75,OU,1.32,WIN,0.53,0,0.00,125.34
2026-02-16T11:34:34.800Z,R_10,EO,0.44,WIN,0.40,0,0.00,125.74
2026-02-16T11:34:50.797Z,R_10,EO,0.44,LOSS,-0.44,1,0.44,125.30
2026-02-16T11:39:14.941Z,R_50,OU,1.32,WIN,0.53,0,0.00,125.83
2026-02-16T11:39:26.824Z,R_10,EO,0.44,LOSS,-0.44,1,0.44,125.39
2026-02-16T11:44:58.928Z,R_50,OU,1.32,WIN,0.53,0,0.00,125.92
2026-02-16T11:45:10.815Z,R_10,EO,0.44,LOSS,-0.44,1,0.44,125.48
2026-02-16T11:46:33.058Z,R_50,OU,1.32,WIN,0.53,0,0.00,126.01
2026-02-16T11:46:42.748Z,R_10,EO,0.44,LOSS,-0.44,1,0.44,125.57
2026-02-16T11:47:21.060Z,R_50,OU,1.32,LOSS,-1.32,2,1.76,124.25
2026-02-16T15:43:41.012Z,R_10,EO,0.42,LOSS,-0.42,1,0.42,118.54
2026-02-16T15:44:11.094Z,R_50,OU,1.25,LOSS,-1.25,2,1.67,117.29
2026-02-16T15:45:43.074Z,R_50,OU,5.00,WIN,2.02,0,0.00,119.31
2026-02-16T15:45:53.023Z,R_10,EO,0.42,WIN,0.38,0,0.00,119.69
2026-02-16T15:46:10.919Z,R_10,EO,0.42,LOSS,-0.42,1,0.42,119.27
2026-02-16T15:48:01.147Z,R_50,OU,1.26,WIN,0.51,0,0.00,119.78
2026-02-16T15:48:12.964Z,R_10,EO,0.42,LOSS,-0.42,1,0.42,119.36
2026-02-16T15:52:57.334Z,R_50,OU,1.26,LOSS,-1.26,2,1.68,118.10
2026-02-16T15:55:51.231Z,R_50,OU,5.03,LOSS,-5.03,3,6.71,113.07
2026-02-16T16:02:59.051Z,R_50,OU,20.12,WIN,8.14,0,0.00,121.21
2026-02-16T16:03:11.029Z,R_10,EO,0.42,LOSS,-0.42,1,0.42,120.79
2026-02-16T16:03:22.972Z,R_50,OU,1.27,WIN,0.51,0,0.00,121.30
2026-02-16T16:03:36.881Z,R_10,EO,0.42,LOSS,-0.42,1,0.42,120.88
2026-02-16T16:04:01.018Z,R_75,OU,1.27,WIN,0.51,0,0.00,121.39
2026-02-16T16:04:13.086Z,R_10,EO,0.42,LOSS,-0.42,1,0.42,120.97
2026-02-16T16:04:59.054Z,R_50,OU,1.27,LOSS,-1.27,2,1.70,119.70
2026-02-16T16:07:32.987Z,R_75,OU,5.10,WIN,2.06,0,0.00,121.76
2026-02-16T16:07:44.952Z,R_10,EO,0.43,WIN,0.39,0,0.00,122.15
2026-02-16T16:08:00.930Z,R_10,EO,0.43,LOSS,-0.43,1,0.43,121.72
2026-02-16T16:08:30.932Z,R_75,OU,1.28,WIN,0.52,0,0.00,122.24
2026-02-16T16:08:42.911Z,R_10,EO,0.43,LOSS,-0.43,1,0.43,121.81
2026-02-16T16:10:16.988Z,R_50,OU,1.28,WIN,0.52,0,0.00,122.33
2026-02-16T16:10:29.102Z,R_10,EO,0.43,LOSS,-0.43,1,0.43,121.90
2026-02-16T16:11:21.021Z,R_75,OU,1.28,WIN,0.52,0,0.00,122.42
2026-02-16T16:11:30.941Z,R_10,EO,0.43,LOSS,-0.43,1,0.43,121.99
2026-02-16T16:12:10.994Z,R_50,OU,1.29,LOSS,-1.29,2,1.71,120.70
2026-02-16T16:17:11.136Z,R_50,OU,5.14,LOSS,-5.14,3,6.86,115.56
2026-02-16T16:25:00.984Z,R_50,OU,20.57,WIN,8.32,0,0.00,123.88
2026-02-16T16:25:13.032Z,R_10,EO,0.43,LOSS,-0.43,1,0.43,123.45
2026-02-16T16:25:26.876Z,R_50,OU,1.30,WIN,0.53,0,0.00,123.98
2026-02-16T16:25:38.957Z,R_10,EO,0.43,LOSS,-0.43,1,0.43,123.55
2026-02-16T16:26:25.100Z,R_50,OU,1.30,WIN,0.53,0,0.00,124.08
2026-02-16T16:26:37.017Z,R_10,EO,0.43,LOSS,-0.43,1,0.43,123.65
2026-02-16T16:27:15.016Z,R_50,OU,1.30,LOSS,-1.30,2,1.74,122.35
2026-02-16T16:30:19.012Z,R_50,OU,5.21,LOSS,-5.21,3,6.95,117.14
2026-02-16T16:41:51.040Z,R_75,OU,20.85,WIN,8.43,0,0.00,125.57
2026-02-16T16:42:03.067Z,R_10,EO,0.44,WIN,0.40,0,0.00,125.97
2026-02-16T16:42:19.016Z,R_10,EO,0.44,WIN,0.40,0,0.00,126.37
2026-02-16T16:42:35.075Z,R_10,EO,0.44,LOSS,-0.44,1,0.44,125.93
2026-02-16T16:44:55.038Z,R_75,OU,1.33,LOSS,-1.33,2,1.77,124.60
2026-02-16T16:50:12.984Z,R_50,OU,5.31,LOSS,-5.31,3,7.08,119.29
2026-02-16T17:09:42.938Z,R_75,OU,21.23,WIN,8.59,0,0.00,127.88
2026-02-16T17:09:55.023Z,R_10,EO,0.45,WIN,0.41,0,0.00,128.29
2026-02-16T17:10:12.959Z,R_10,EO,0.45,LOSS,-0.45,1,0.45,127.84
2026-02-16T17:13:54.960Z,R_75,OU,1.35,WIN,0.55,0,0.00,128.39
2026-02-16T17:14:07.046Z,R_10,EO,0.45,LOSS,-0.45,1,0.45,127.94
2026-02-16T17:16:24.906Z,R_75,OU,1.35,WIN,0.55,0,0.00,128.49
2026-02-16T17:16:36.899Z,R_10,EO,0.45,WIN,0.41,0,0.00,128.90
2026-02-16T17:16:50.949Z,R_10,EO,0.45,LOSS,-0.45,1,0.45,128.45
2026-02-16T17:18:59.092Z,R_75,OU,1.35,WIN,0.55,0,0.00,129.00
2026-02-16T17:19:10.943Z,R_10,EO,0.45,WIN,0.41,0,0.00,129.41
2026-02-16T17:19:26.858Z,R_10,EO,0.45,LOSS,-0.45,1,0.45,128.96
2026-02-16T17:20:10.998Z,R_50,OU,1.36,WIN,0.55,0,0.00,129.51
2026-02-16T17:20:22.987Z,R_10,EO,0.45,WIN,0.41,0,0.00,129.92
2026-02-16T17:20:38.890Z,R_10,EO,0.45,LOSS,-0.45,1,0.45,129.47
2026-02-16T17:20:57.017Z,R_75,OU,1.36,LOSS,-1.36,2,1.82,128.11
2026-02-16T17:23:29.018Z,R_75,OU,5.46,WIN,2.21,0,0.00,130.32
2026-02-16T17:23:40.943Z,R_10,EO,0.46,WIN,0.42,0,0.00,130.74
2026-02-16T17:23:54.853Z,R_10,EO,0.46,WIN,0.42,0,0.00,131.16
2026-02-17T01:04:36.715Z,R_10,EO,0.46,WIN,0.42,0,0.00,131.58
2026-02-17T01:04:52.898Z,R_10,EO,0.46,LOSS,-0.46,1,0.46,131.12
2026-02-17T01:06:25.043Z,R_75,OU,1.38,WIN,0.56,0,0.00,131.68
2026-02-17T01:06:36.680Z,R_10,EO,0.46,LOSS,-0.46,1,0.46,131.22
2026-02-17T01:08:16.920Z,R_50,OU,1.38,WIN,0.56,0,0.00,131.78
2026-02-17T01:08:28.768Z,R_10,EO,0.46,WIN,0.42,0,0.00,132.20
2026-02-17T01:08:44.881Z,R_10,EO,0.46,LOSS,-0.46,1,0.46,131.74
2026-02-17T01:09:16.748Z,R_50,OU,1.39,WIN,0.56,0,0.00,132.30
2026-02-17T01:09:28.802Z,R_10,EO,0.46,WIN,0.42,0,0.00,132.72
2026-02-17T01:09:44.918Z,R_10,EO,0.46,WIN,0.42,0,0.00,133.14
2026-02-17T01:10:00.924Z,R_10,EO,0.47,LOSS,-0.47,1,0.47,132.67
2026-02-17T01:10:19.040Z,R_75,OU,1.40,WIN,0.57,0,0.00,133.24
2026-02-17T01:10:30.814Z,R_10,EO,0.47,WIN,0.43,0,0.00,133.67
2026-02-17T01:10:46.893Z,R_10,EO,0.47,WIN,0.43,0,0.00,134.10
2026-02-17T01:11:02.817Z,R_10,EO,0.47,WIN,0.43,0,0.00,134.53
2026-02-17T01:11:18.879Z,R_10,EO,0.47,WIN,0.43,0,0.00,134.96
2026-02-17T01:11:34.916Z,R_10,EO,0.47,WIN,0.43,0,0.00,135.39
2026-02-17T01:11:50.885Z,R_10,EO,0.47,LOSS,-0.47,1,0.47,134.92
2026-02-17T01:12:12.664Z,R_50,OU,1.42,WIN,0.57,0,0.00,135.49
2026-02-17T01:12:24.889Z,R_10,EO,0.47,WIN,0.43,0,0.00,135.92
2026-02-17T01:12:41.075Z,R_10,EO,0.48,WIN,0.44,0,0.00,136.36
2026-02-17T01:12:54.782Z,R_10,EO,0.48,LOSS,-0.48,1,0.48,135.88
2026-02-17T01:13:26.828Z,R_50,OU,1.43,WIN,0.58,0,0.00,136.46
2026-02-17T01:13:36.865Z,R_10,EO,0.48,LOSS,-0.48,1,0.48,135.98
2026-02-17T01:13:50.802Z,R_50,OU,1.43,LOSS,-1.43,2,1.91,134.55
2026-02-17T01:18:46.946Z,R_50,OU,5.73,WIN,2.32,0,0.00,136.87
2026-02-17T01:18:56.696Z,R_10,EO,0.48,WIN,0.44,0,0.00,137.31
2026-02-17T01:19:13.083Z,R_10,EO,0.48,WIN,0.44,0,0.00,137.75
2026-02-17T01:19:28.863Z,R_10,EO,0.48,WIN,0.44,0,0.00,138.19
2026-02-17T01:19:43.000Z,R_10,EO,0.48,WIN,0.44,0,0.00,138.63
2026-02-17T01:19:56.928Z,R_10,EO,0.49,LOSS,-0.49,1,0.49,138.14
2026-02-17T01:20:08.806Z,R_75,OU,1.46,LOSS,-1.46,2,1.94,136.68
2026-02-17T01:21:56.942Z,R_50,OU,5.82,WIN,2.35,0,0.00,139.03
2026-02-17T01:22:08.821Z,R_10,EO,0.49,LOSS,-0.49,1,0.49,138.54
2026-02-17T01:22:26.742Z,R_50,OU,1.46,LOSS,-1.46,2,1.95,137.08
2026-02-17T01:25:22.960Z,R_75,OU,5.84,WIN,2.36,0,0.00,139.44
2026-02-17T01:25:32.804Z,R_10,EO,0.49,LOSS,-0.49,1,0.49,138.95
2026-02-17T01:26:50.837Z,R_75,OU,1.46,WIN,0.59,0,0.00,139.54
2026-02-17T01:27:00.846Z,R_10,EO,0.49,LOSS,-0.49,1,0.49,139.05
2026-02-17T01:27:16.946Z,R_50,OU,1.47,WIN,0.59,0,0.00,139.64
2026-02-17T01:27:26.718Z,R_10,EO,0.49,WIN,0.45,0,0.00,140.09
2026-02-17T01:27:42.718Z,R_10,EO,0.49,LOSS,-0.49,1,0.49,139.60
2026-02-17T01:28:32.826Z,R_50,OU,1.47,WIN,0.59,0,0.00,140.19
2026-02-17T01:28:42.860Z,R_10,EO,0.49,LOSS,-0.49,1,0.49,139.70
2026-02-17T01:29:19.008Z,R_75,OU,1.47,WIN,0.59,0,0.00,140.29
2026-02-17T01:29:28.724Z,R_10,EO,0.49,WIN,0.45,0,0.00,140.74
2026-02-17T01:29:44.748Z,R_10,EO,0.49,LOSS,-0.49,1,0.49,140.25
2026-02-17T01:30:18.810Z,R_50,OU,1.48,WIN,0.60,0,0.00,140.85
2026-02-17T01:30:30.884Z,R_10,EO,0.49,WIN,0.45,0,0.00,141.30
2026-02-17T01:30:46.848Z,R_10,EO,0.49,WIN,0.45,0,0.00,141.75
2026-02-17T01:31:02.945Z,R_10,EO,0.50,WIN,0.46,0,0.00,142.21
2026-02-17T01:31:19.023Z,R_10,EO,0.50,WIN,0.46,0,0.00,142.67
2026-02-17T01:31:32.846Z,R_10,EO,0.50,LOSS,-0.50,1,0.50,142.17
2026-02-17T01:31:44.841Z,R_50,OU,1.50,WIN,0.61,0,0.00,142.78
2026-02-17T01:31:54.860Z,R_10,EO,0.50,LOSS,-0.50,1,0.50,142.28
2026-02-17T01:34:58.730Z,R_50,OU,1.50,WIN,0.61,0,0.00,142.89
2026-02-17T01:35:08.940Z,R_10,EO,0.50,LOSS,-0.50,1,0.50,142.39
2026-02-17T01:37:51.021Z,R_50,OU,1.50,WIN,0.61,0,0.00,143.00
2026-02-17T01:38:00.816Z,R_10,EO,0.50,LOSS,-0.50,1,0.50,142.50
2026-02-17T01:38:12.957Z,R_50,OU,1.50,WIN,0.61,0,0.00,143.11
2026-02-17T01:38:24.820Z,R_10,EO,0.50,WIN,0.46,0,0.00,143.57
2026-02-17T01:38:38.840Z,R_10,EO,0.50,LOSS,-0.50,1,0.50,143.07
2026-02-17T01:40:40.826Z,R_75,OU,1.51,WIN,0.61,0,0.00,143.68
2026-02-17T01:40:52.858Z,R_10,EO,0.50,LOSS,-0.50,1,0.50,143.18
2026-02-17T01:43:46.822Z,R_50,OU,1.51,WIN,0.61,0,0.00,143.79
2026-02-17T01:43:58.897Z,R_10,EO,0.50,LOSS,-0.50,1,0.50,143.29
2026-02-17T01:46:50.946Z,R_50,OU,1.51,WIN,0.61,0,0.00,143.90
2026-02-17T01:47:02.883Z,R_10,EO,0.50,WIN,0.46,0,0.00,144.36
2026-02-17T03:07:27.130Z,R_10,EO,0.51,LOSS,-0.51,1,0.51,143.85
2026-02-17T03:09:03.155Z,R_50,OU,1.52,WIN,0.61,0,0.00,144.46
2026-02-17T03:09:12.994Z,R_10,EO,0.51,WIN,0.47,0,0.00,144.93
2026-02-17T03:09:27.042Z,R_10,EO,0.51,LOSS,-0.51,1,0.51,144.42
2026-02-17T03:10:17.008Z,R_75,OU,1.52,LOSS,-1.52,2,2.03,142.90
2026-02-17T03:12:56.855Z,R_75,OU,6.09,WIN,2.46,0,0.00,145.36
2026-02-17T03:13:06.978Z,R_10,EO,0.51,LOSS,-0.51,1,0.51,144.85
2026-02-17T03:14:57.095Z,R_75,OU,1.53,LOSS,-1.53,2,2.04,143.32
2026-02-17T03:18:42.951Z,R_50,OU,6.11,WIN,2.47,0,0.00,145.79
2026-02-17T03:18:55.042Z,R_10,EO,0.51,WIN,0.47,0,0.00,146.26
2026-02-17T03:19:08.871Z,R_10,EO,0.51,LOSS,-0.51,1,0.51,145.75
2026-02-17T03:19:35.069Z,R_50,OU,1.54,LOSS,-1.54,2,2.05,144.21
2026-02-17T03:23:57.028Z,R_75,OU,6.14,WIN,2.48,0,0.00,146.69
2026-02-17T03:24:09.046Z,R_10,EO,0.51,WIN,0.47,0,0.00,147.16
2026-02-17T03:24:25.281Z,R_10,EO,0.52,LOSS,-0.52,1,0.52,146.64
2026-02-17T03:25:19.080Z,R_50,OU,1.55,WIN,0.63,0,0.00,147.27
2026-02-17T03:25:30.929Z,R_10,EO,0.52,WIN,0.48,0,0.00,147.75
2026-02-17T03:25:47.078Z,R_10,EO,0.52,LOSS,-0.52,1,0.52,147.23
2026-02-17T03:25:58.928Z,R_50,OU,1.55,LOSS,-1.55,2,2.07,145.68
2026-02-17T03:31:56.920Z,R_75,OU,6.21,LOSS,-6.21,3,8.27,139.47
2026-02-17T03:39:14.969Z,R_50,OU,24.82,WIN,10.04,0,0.00,149.51
2026-02-17T03:39:26.764Z,R_10,EO,0.52,WIN,0.48,0,0.00,149.99
2026-02-17T03:39:42.974Z,R_10,EO,0.52,WIN,0.48,0,0.00,150.47
2026-02-17T03:39:58.931Z,R_10,EO,0.53,WIN,0.49,0,0.00,150.96
2026-02-17T03:40:14.969Z,R_10,EO,0.53,LOSS,-0.53,1,0.53,150.43
2026-02-17T03:41:05.026Z,R_75,OU,1.59,WIN,0.64,0,0.00,151.07
2026-02-17T03:41:14.926Z,R_10,EO,0.53,LOSS,-0.53,1,0.53,150.54
2026-02-17T03:43:08.817Z,R_75,OU,1.59,WIN,0.64,0,0.00,151.18
2026-02-17T03:43:18.771Z,R_10,EO,0.53,WIN,0.49,0,0.00,151.67
2026-02-17T03:43:35.134Z,R_10,EO,0.53,WIN,0.49,0,0.00,152.16
2026-02-17T03:43:52.858Z,R_10,EO,0.53,LOSS,-0.53,1,0.53,151.63
2026-02-17T03:46:05.046Z,R_75,OU,1.60,WIN,0.65,0,0.00,152.28
2026-02-17T03:46:16.949Z,R_10,EO,0.53,LOSS,-0.53,1,0.53,151.75
2026-02-17T03:47:44.783Z,R_50,OU,1.60,WIN,0.65,0,0.00,152.40
2026-02-17T03:47:56.959Z,R_10,EO,0.53,WIN,0.49,0,0.00,152.89
2026-02-17T03:48:10.946Z,R_10,EO,0.54,LOSS,-0.54,1,0.54,152.35
2026-02-17T03:49:30.802Z,R_50,OU,1.61,WIN,0.65,0,0.00,153.00
2026-02-17T03:49:40.917Z,R_10,EO,0.54,WIN,0.50,0,0.00,153.50
2026-02-17T03:49:59.030Z,R_10,EO,0.54,WIN,0.50,0,0.00,154.00
2026-02-17T03:50:16.993Z,R_10,EO,0.54,LOSS,-0.54,1,0.54,153.46
2026-02-17T03:53:38.874Z,R_50,OU,1.62,WIN,0.66,0,0.00,154.12
2026-02-17T03:53:50.843Z,R_10,EO,0.54,LOSS,-0.54,1,0.54,153.58
2026-02-17T03:54:34.779Z,R_75,OU,1.62,WIN,0.66,0,0.00,154.24
2026-02-17T03:54:46.983Z,R_10,EO,0.54,WIN,0.50,0,0.00,154.74
2026-02-17T03:55:02.942Z,R_10,EO,0.54,LOSS,-0.54,1,0.54,154.20
2026-02-17T03:55:30.857Z,R_75,OU,1.62,WIN,0.66,0,0.00,154.86
2026-02-17T03:55:42.923Z,R_10,EO,0.54,WIN,0.50,0,0.00,155.36
2026-02-17T03:55:58.820Z,R_10,EO,0.54,LOSS,-0.54,1,0.54,154.82
2026-02-17T04:01:03.069Z,R_75,OU,1.63,WIN,0.66,0,0.00,155.48
2026-02-17T04:01:14.845Z,R_10,EO,0.54,LOSS,-0.54,1,0.54,154.94
2026-02-17T04:02:09.015Z,R_75,OU,1.63,WIN,0.66,0,0.00,155.60
2026-02-17T04:02:20.870Z,R_10,EO,0.54,WIN,0.50,0,0.00,156.10
2026-02-17T04:02:36.763Z,R_10,EO,0.55,WIN,0.51,0,0.00,156.61
2026-02-17T04:02:52.941Z,R_10,EO,0.55,LOSS,-0.55,1,0.55,156.06
2026-02-17T04:03:20.999Z,R_50,OU,1.64,LOSS,-1.64,2,2.19,154.42
2026-02-17T04:05:44.817Z,R_50,OU,6.58,WIN,2.66,0,0.00,157.08
2026-02-17T04:05:56.860Z,R_10,EO,0.55,WIN,0.51,0,0.00,157.59
2026-02-17T04:06:12.808Z,R_10,EO,0.55,LOSS,-0.55,1,0.55,157.04
2026-02-17T04:09:06.793Z,R_75,OU,1.65,WIN,0.67,0,0.00,157.71
2026-02-17T04:09:16.774Z,R_10,EO,0.55,WIN,0.51,0,0.00,158.22
2026-02-17T04:09:32.783Z,R_10,EO,0.55,WIN,0.51,0,0.00,158.73
2026-02-17T04:09:46.877Z,R_10,EO,0.56,WIN,0.52,0,0.00,159.25
2026-02-17T04:10:33.163Z,R_10,EO,0.56,WIN,0.52,0,0.00,159.77
2026-02-17T04:10:49.134Z,R_10,EO,0.56,LOSS,-0.56,1,0.56,159.21
2026-02-17T04:11:09.099Z,R_50,OU,1.68,LOSS,-1.68,2,2.24,157.53
2026-02-17T04:15:20.790Z,R_75,OU,6.71,WIN,2.71,0,0.00,160.24
2026-02-17T04:15:30.802Z,R_10,EO,0.56,WIN,0.52,0,0.00,160.76
2026-02-17T04:15:46.910Z,R_10,EO,0.56,LOSS,-0.56,1,0.56,160.20
2026-02-17T04:15:58.996Z,R_50,OU,1.69,WIN,0.68,0,0.00,160.88
2026-02-17T04:16:11.001Z,R_10,EO,0.56,WIN,0.52,0,0.00,161.40
2026-02-17T04:16:26.948Z,R_10,EO,0.56,LOSS,-0.56,1,0.56,160.84
2026-02-17T04:18:32.903Z,R_75,OU,1.69,WIN,0.68,0,0.00,161.52
2026-02-17T04:18:42.892Z,R_10,EO,0.57,LOSS,-0.57,1,0.57,160.95
2026-02-17T04:20:04.867Z,R_50,OU,1.70,WIN,0.69,0,0.00,161.64
2026-02-17T04:20:16.925Z,R_10,EO,0.57,LOSS,-0.57,1,0.57,161.07
2026-02-17T04:23:28.945Z,R_50,OU,1.70,WIN,0.69,0,0.00,161.76
2026-02-17T04:23:41.076Z,R_10,EO,0.57,WIN,0.53,0,0.00,162.29
2026-02-17T04:23:56.921Z,R_10,EO,0.57,WIN,0.53,0,0.00,162.82
2026-02-17T04:24:12.897Z,R_10,EO,0.57,LOSS,-0.57,1,0.57,162.25
2026-02-17T04:25:12.831Z,R_50,OU,1.71,WIN,0.69,0,0.00,162.94
2026-02-17T04:25:24.884Z,R_10,EO,0.57,LOSS,-0.57,1,0.57,162.37
2026-02-17T04:27:19.060Z,R_75,OU,1.71,WIN,0.69,0,0.00,163.06
2026-02-17T04:27:30.916Z,R_10,EO,0.57,LOSS,-0.57,1,0.57,162.49
2026-02-17T04:30:36.897Z,R_50,OU,1.71,WIN,0.69,0,0.00,163.18
2026-02-17T04:30:46.948Z,R_10,EO,0.57,LOSS,-0.57,1,0.57,162.61
2026-02-17T04:31:06.911Z,R_75,OU,1.71,LOSS,-1.71,2,2.28,160.90
2026-02-17T04:38:29.066Z,R_50,OU,6.85,WIN,2.77,0,0.00,163.67
2026-02-17T04:38:38.985Z,R_10,EO,0.57,WIN,0.53,0,0.00,164.20
2026-02-17T04:38:52.945Z,R_10,EO,0.57,LOSS,-0.57,1,0.57,163.63
2026-02-17T04:40:18.966Z,R_75,OU,1.72,LOSS,-1.72,2,2.30,161.91
2026-02-17T04:45:15.131Z,R_50,OU,6.90,LOSS,-6.90,3,9.20,155.01
2026-02-17T04:54:23.018Z,R_50,OU,27.59,LOSS,-27.59,4,36.78,127.42
2026-02-17T06:02:11.007Z,R_10,EO,0.60,LOSS,-0.60,1,0.60,171.72
2026-02-17T06:02:44.957Z,R_50,OU,1.81,WIN,0.73,0,0.00,172.45
2026-02-17T06:02:57.014Z,R_10,EO,0.60,WIN,0.56,0,0.00,173.01
2026-02-17T06:03:15.079Z,R_10,EO,0.61,WIN,0.57,0,0.00,173.58
2026-02-17T06:03:32.984Z,R_10,EO,0.61,WIN,0.57,0,0.00,174.15
2026-02-17T06:03:49.120Z,R_10,EO,0.61,LOSS,-0.61,1,0.61,173.54
2026-02-17T06:04:37.086Z,R_50,OU,1.83,LOSS,-1.83,2,2.44,171.71
